isd_station,ghcnh_station,station_name,state,lat,lon
70261026411,USW00026411,FAIRBANKS INTERNATIONAL,AK,64.803,-147.876
70273026451,USW00026451,TED STEVENS ANCHORAGE INTL,AK,61.169,-150.028
70381025309,USW00025309,JUNEAU INTERNATIONAL,AK,58.354,-134.556
72202012839,USW00012839,MIAMI INTERNATIONAL AIRPORT,FL,25.788,-80.317
72205012815,USW00012815,ORLANDO INTERNATIONAL AIRPORT,FL,28.418,-81.324
72206013889,USW00013889,JACKSONVILLE INTERNATIONAL AIRPORT,FL,30.495,-81.694
72207003822,USW00003822,SAVANNAH/HILTON HEAD INTL AIRPORT,GA,32.131,-81.202
72208013880,USW00013880,CHARLESTON AFB/INTERNATIONAL AIRPORT,SC,32.899,-80.041
72211012842,USW00012842,TAMPA INTERNATIONAL AIRPORT,FL,27.963,-82.54
72219013874,USW00013874,HARTSFIELD-JACKSON ATLANTA INTL AP,GA,33.63,-84.442
72222313899,USW00013899,PENSACOLA REGIONAL AIRPORT,FL,30.476,-87.186
72228013876,USW00013876,BIRMINGHAM INTERNATIONAL AIRPORT,AL,33.565,-86.745
72231012916,USW00012916,LOUIS ARMSTRONG NEW ORLEANS INTL AP,LA,29.998,-90.278
72235003940,USW00003940,JACKSON INTERNATIONAL AIRPORT,MS,32.32,-90.078
72243012960,USW00012960,G BUSH INTERCONTINENTAL AP/HOUSTON AP,TX,29.984,-95.361
72248013957,USW00013957,SHREVEPORT REGIONAL AIRPORT,LA,32.447,-93.824
72253012921,USW00012921,SAN ANTONIO INTERNATIONAL AIRPORT,TX,29.544,-98.484
72254013904,USW00013904,AUSTIN-BERGSTROM INTL AIRPORT,TX,30.183,-97.68
72259003927,USW00003927,DALLAS/FT WORTH INTERNATIONAL AP,TX,32.897,-97.022
72270023044,USW00023044,EL PASO INTERNATIONAL AIRPORT,TX,31.812,-106.377
72274023160,USW00023160,TUCSON INTERNATIONAL AIRPORT,AZ,32.132,-110.956
72278023183,USW00023183,PHOENIX SKY HARBOR INTL AIRPORT,AZ,33.428,-112.004
72290023188,USW00023188,SAN DIEGO INTERNATIONAL AIRPORT,CA,32.734,-117.183
72295023174,USW00023174,LOS ANGELES INTERNATIONAL AIRPORT,CA,33.938,-118.387
72297793184,USW00093184,J. WAYNE APT-ORANGE CO APT,CA,33.68,-117.867
72302013748,USW00013748,WILMINGTON INTERNATIONAL AIRPORT,NC,34.267,-77.9
72306013722,USW00013722,RALEIGH-DURHAM INTERNATIONAL AP,NC,35.892,-78.782
72308013737,USW00013737,NORFOLK INTERNATIONAL AIRPORT,VA,36.904,-76.193
72308693741,USW00093741,NWPT NEWS/WIMBURG INTL APT,VA,37.132,-76.494
72312003870,USW00003870,GREENVILLE-SPARTANBURG INTL AIRPORT,SC,34.906,-82.213
72314013881,USW00013881,CHARLOTTE/DOUGLAS INTERNATIONAL AP,NC,35.223,-80.954
72317013723,USW00013723,PIEDMONT TRIAD INTERNATIONAL AIRPORT,NC,36.097,-79.943
72323003856,USW00003856,HUNTSVILLE INTL/C.T.JONES FIELD AIRPORT,AL,34.644,-86.786
72327013897,USW00013897,NASHVILLE INTERNATIONAL AIRPORT,TN,36.111,-86.688
72334013893,USW00013893,MEMPHIS INTERNATIONAL AIRPORT,TN,35.056,-89.986
72340503930,USW00003930,LITTLE ROCK AFB AIRPORT,AR,34.917,-92.15
72353013967,USW00013967,WILL ROGERS WORLD AIRPORT,OK,35.388,-97.6
72356013968,USW00013968,TULSA INTERNATIONAL AIRPORT,OK,36.199,-95.878
72365023050,USW00023050,ALBUQUERQUE INTL SUNPORT AIRPORT,NM,35.042,-106.615
72386023169,USW00023169,MCCARRAN INTERNATIONAL AIRPORT,NV,36.072,-115.163
72389093193,USW00093193,FRESNO YOSEMITE INTERNATIONAL AIRPORT,CA,36.78,-119.72
72392523190,USW00023190,SANTA BARBARA MUNICIPAL AIRPORT,CA,34.424,-119.842
72399014711,USW00014711,HARRISBURG INTERNATIONAL AIRPORT,PA,40.196,-76.772
72401013740,USW00013740,RICHMOND INTERNATIONAL AIRPORT,VA,37.512,-77.323
72401693736,USW00093736,CHARLOTTESVILLE ALBEMARLE ARPT,VA,38.137,-78.455
72403093738,USW00093738,WASHINGTON DULLES INTERNATIONAL AP,VA,38.935,-77.447
72405013743,USW00013743,RONALD REAGAN WASHINGTON NATL AP,VA,38.847,-77.035
72406093721,USW00093721,BALTIMORE-WASHINGTON INTL AIRPORT,MD,39.173,-76.684
72407093730,USW00093730,ATLANTIC CITY INTERNATIONAL AIRPORT,NJ,39.452,-74.567
72408013739,USW00013739,PHILADELPHIA INTERNATIONAL AIRPORT,PA,39.873,-75.227
72409514792,USW00014792,TRENTON MERCER AIRPORT,NJ,40.277,-74.816
72414013866,USW00013866,YEAGER AIRPORT,WV,38.38,-81.591
72421093814,USW00093814,CINCINNATI/NORTHERN KENTUCKY INTL AP,KY,39.044,-84.672
72423093821,USW00093821,LOUISVILLE INTL-STANDIFORD FIELD AP,KY,38.177,-85.731
72428014821,USW00014821,PORT COLUMBUS INTERNATIONAL AIRPORT,OH,39.991,-82.877
72429093815,USW00093815,J.M.COX DAYTON INTERNATIONAL AIRPORT,OH,39.906,-84.219
72434013994,USW00013994,LAMBERT-ST LOUIS INTERNATIONAL AP,MO,38.752,-90.373
72438093819,USW00093819,INDIANAPOLIS INTERNATIONAL AIRPORT,IN,39.725,-86.282
72439093822,USW00093822,ABRAHAM LINCOLN CAPITAL AIRPORT,IL,39.845,-89.684
72446003947,USW00003947,KANSAS CITY INTERNATIONAL AIRPORT,MO,39.297,-94.731
72450003928,USW00003928,WICHITA EISENHOWER NATIONAL,KS,37.648,-97.43
72466093037,USW00093037,CITY OF COLORADO SPRINGS MUNICIPAL AP,CO,38.809,-104.689
72483993225,USW00093225,SACRAMENTO INTL AIRPORT,CA,38.701,-121.595
72488023185,USW00023185,RENO/TAHOE INTERNATIONAL AIRPORT,NV,39.508,-119.768
72494023234,USW00023234,SAN FRANCISCO INTERNATIONAL AIRPORT,CA,37.62,-122.366
72502014734,USW00014734,NEWARK LIBERTY INTERNATIONAL AP,NJ,40.683,-74.169
72503014732,USW00014732,LA GUARDIA AIRPORT,NY,40.779,-73.88
72507014765,USW00014765,THEODORE F GREEN STATE AIRPORT,RI,41.723,-71.432
72508014740,USW00014740,BRADLEY INTERNATIONAL AIRPORT,CT,41.937,-72.682
72509014739,USW00014739,GEN E L LOGAN INTERNATIONAL AIRPORT,MA,42.361,-71.01
72518014735,USW00014735,ALBANY INTERNATIONAL AIRPORT,NY,42.747,-73.799
72519014771,USW00014771,SYRACUSE HANCOCK INTERNATIONAL AP,NY,43.111,-76.104
72520094823,USW00094823,PITTSBURGH INTERNATIONAL AIRPORT,PA,40.485,-80.214
72524014820,USW00014820,CLEVELAND-HOPKINS INTERNATIONAL AP,OH,41.406,-81.852
72528014733,USW00014733,BUFFALO NIAGARA INTERNATIONAL AIRPOR,NY,42.94,-78.736
72529014768,USW00014768,GREATER ROCHESTER INTERNATIONAL AP,NY,43.117,-77.675
72530094846,USW00094846,CHICAGO O'HARE INTERNATIONAL AIRPORT,IL,41.96,-87.932
72533014827,USW00014827,FORT WAYNE INTERNATIONAL AIRPORT,IN,40.972,-85.206
72534014819,USW00014819,CHICAGO MIDWAY INTL ARPT,IL,41.784,-87.755
72537094847,USW00094847,DETROIT METRO WAYNE COUNTY AIRPORT,MI,42.231,-83.331
72545014990,USW00014990,EASTERN IOWA REGIONAL AIRPORT,IA,41.883,-91.725
72546014933,USW00014933,DES MOINES INTERNATIONAL AIRPORT,IA,41.534,-93.653
72550014942,USW00014942,EPPLEY AIRFIELD AIRPORT,NE,41.312,-95.902
72551014939,USW00014939,LINCOLN MUNICIPAL AIRPORT,NE,40.848,-96.765
72565003017,USW00003017,DENVER INTERNATIONAL AIRPORT,CO,39.847,-104.656
72569024089,USW00024089,NATRONA COUNTY INTERNATIONAL AP,WY,42.898,-106.474
72572024127,USW00024127,SALT LAKE CITY INTERNATIONAL AIRPORT,UT,40.771,-111.965
72606014764,USW00014764,PORTLAND INTERNATIONAL JETPORT AP,ME,43.642,-70.304
72617014742,USW00014742,BURLINGTON INTERNATIONAL AIRPORT,VT,44.468,-73.15
72635094860,USW00094860,GERALD R FORD INTERNATIONAL AIRPORT,MI,42.882,-85.523
72640014839,USW00014839,GENERAL MITCHELL INTERNATIONAL AP,WI,42.955,-87.905
72645014898,USW00014898,AUSTIN STRAUBEL INTERNATIONAL AP,WI,44.48,-88.137
72651014944,USW00014944,JOE FOSS FIELD AIRPORT,SD,43.578,-96.754
72658014922,USW00014922,MINNEAPOLIS-ST PAUL INTERNATIONAL AP,MN,44.885,-93.231
72677024033,USW00024033,BILLINGS LOGAN INTERNATIONAL AIRPORT,MT,45.807,-108.546
72679724132,USW00024132,GALLATIN FIELD AIRPORT,MT,45.788,-111.162
72681024131,USW00024131,BOISE AIR TERMINAL/GOWEN FD AIRPORT,ID,43.567,-116.241
72693024221,USW00024221,MAHLON SWEET FIELD AIRPORT,OR,44.133,-123.216
72698024229,USW00024229,PORTLAND INTERNATIONAL AIRPORT,OR,45.596,-122.609
72745014913,USW00014913,DULUTH INTERNATIONAL AIRPORT,MN,46.844,-92.187
72753014914,USW00014914,HECTOR INTERNATIONAL AIRPORT,ND,46.924,-96.812
72785024157,USW00024157,SPOKANE INTERNATIONAL AIRPORT,WA,47.622,-117.528
72793024233,USW00024233,SEATTLE-TACOMA INTERNATIONAL AIRPORT,WA,47.445,-122.314
74394514710,USW00014710,MANCHESTER AIRPORT,NH,42.93,-71.436
74486094789,USW00094789,JOHN F KENNEDY INTERNATIONAL AIRPORT,NY,40.639,-73.764
74594013705,USW00013705,ANDREWS AIR FORCE BASE AIRPORT,MD,38.817,-76.867
74704003102,USW00003102,ONTARIO INTERNATIONAL ARPT,CA,34.053,-117.577
74757093874,USW00093874,GULFPORT-BILOXI INTL ARPT,MS,30.412,-89.081
74783012849,USW00012849,FT LAUD/HOLLYWOOD INTL APT,FL,26.079,-80.162
91165022536,USW00022536,LIHUE AIRPORT,HI,21.98,-159.339
91182022521,USW00022521,HONOLULU INTERNATIONAL AIRPORT,HI,21.324,-157.939
91190022516,USW00022516,KAHULUI AIRPORT,HI,20.889,-156.435
